label,x1,x2,x3,x4,x5,x6,x7,x8,x9,x10,x11,x12,x13,x14,x15
10,-0.20648,-2.3353,-1.4607,3.6516,-2.3842,-1.5396,-0.6852,-2.1997,2.1396,-2.2117,-0.7477,-0.085281,-0.46702,-0.83209,0.62322
9,-0.30056,2.1593,1.3561,1.1184,-2.0347,-0.28219,0.7985,-1.5617,-0.29059,-1.3659,1.5956,1.364,-1.0064,-0.52119,0.092952
5,2.8857,0.40362,-1.2523,0.11084,-0.021848,-1.0764,0.52745,-0.8727,-0.3208,-1.4558,0.54378,1.0495,-1.497,1.2702,-0.022706
8,0.48715,-1.1581,-1.6026,1.2604,0.096516,-2.9532,-0.89274,0.53158,-2.1815,-1.4533,1.677,-1.6627,-1.8489,-0.26912,-0.57262
5,0.014686,-2.552,-1.3525,1.6877,-2.4722,0.14775,0.50345,-1.2038,0.65514,-2.3882,-1.3347,1.0543,0.20591,-2.1296,-0.011443
2,3.1934,3.1904,-1.3766,-0.57598,-0.0987,-1.2626,1.2996,-0.88732,1.6044,0.28814,0.91291,1.0528,-0.42083,-0.73805,1.2972
8,2.3,-2.856,0.50914,-0.17157,0.55002,-0.57444,-1.1651,0.18054,0.053492,1.291,-0.46967,1.5952,-0.28546,1.1011,-2.37E-05
1,-4.5811,0.68828,-2.7766,-1.4091,1.0792,0.45623,-0.28048,0.12388,-1.4757,-0.1366,-0.90006,1.4732,-0.62361,-0.71519,1.3817
3,-1.1892,5.2876,-1.4825,-1.1482,-2.5281,0.41326,-1.5965,0.33977,1.979,1.6453,-1.2292,0.95673,1.003,0.17166,0.14134
8,-0.94143,-4.6544,0.9382,1.8625,2.0709,-0.81315,-1.2131,1.1123,0.27002,-0.093252,-0.67753,0.31818,0.89707,0.40905,1.2492
8,2.5311,-0.56214,1.4591,0.19153,0.68645,-0.85316,-1.5018,0.30084,-1.6563,0.84294,-0.38635,0.60713,1.2016,-0.88634,-1.3894
3,-2.7637,-0.031452,-2.7295,-0.97923,-1.3081,-1.9598,0.048492,-0.18274,0.74429,1.641,0.85586,-3.6203,-0.2748,-0.93615,-2.2398
5,3.0638,-0.22682,-1.211,1.025,-1.2634,-0.053727,0.98862,0.23041,0.83576,-1.4618,-1.0883,-0.48485,0.23898,-0.10297,-0.6926
10,-1.4914,-3.1241,-2.072,1.7754,0.86262,0.54137,0.7008,0.0155,1.5084,0.052072,-0.84626,-1.6908,1.0707,-1.0973,0.72541
1,-2.3753,1.2876,0.73961,-2.7211,3.6471,-2.2303,0.42137,-1.3071,-1.3843,0.95926,-1.2236,0.043647,-0.54642,1.191,-1.1741
2,3.6125,2.8505,-1.2524,0.53,0.35269,0.081784,-1.035,-1.5981,1.6239,-0.37324,0.95384,-0.87857,0.15764,-1.1489,1.202
2,3.7519,1.8279,-0.832,-0.11244,1.4081,0.92342,-1.3756,-1.0258,-0.15743,0.41238,-0.70782,-1.3375,1.0045,-1.0583,0.92801
9,-2.6306,0.47517,0.91742,0.069947,-1.5997,-0.32557,2.1008,-1.165,-1.4351,-0.62835,0.44475,-0.76504,0.16776,-0.85577,1.9267
6,0.063635,-1.4662,1.4561,2.8085,1.1806,0.28514,1.5209,-2.1641,-0.51433,1.2373,0.072153,0.057395,0.34838,-0.34515,0.088004
7,-2.9663,0.30313,-0.051838,-1.2015,0.39463,2.9051,-0.54172,-0.87483,-1.388,-1.0581,1.0045,1.5455,0.40838,-0.56452,-0.84415
3,-0.27991,-0.041321,-1.4921,1.111,0.70897,-1.1232,1.1432,3.0706,-0.51839,-1.1371,-1.4859,0.52005,-0.47747,-0.99864,-0.79341
2,3.1071,2.0211,-1.6396,-0.46904,-0.91472,-2.6387,1.764,-0.67267,0.70141,-0.14928,0.50847,1.8601,-0.77341,-0.16629,0.7652
4,0.49177,2.6424,3.2074,-0.10393,-0.1847,-0.97877,1.8665,1.7242,-0.24817,-0.90714,-0.90527,-0.19187,-0.36681,-0.24691,-0.0065537
6,0.657,0.10531,-2.0087,2.4387,0.64405,0.91741,-0.033554,-0.1525,1.4721,-0.5163,-1.9469,0.6187,0.39308,2.3374,-0.25201
7,0.3014,1.3454,-0.58969,0.012977,-1.2379,3.6183,0.47397,-0.23332,-0.42885,1.2808,1.4514,-1.3777,-0.091828,0.37218,1.0514
3,-0.63099,3.3509,1.0904,1.1287,-1.538,0.32685,-1.3804,-1.5677,-0.10036,1.6678,1.0425,1.8429,0.029698,-0.67488,2.249
4,1.1361,1.795,2.4695,0.96659,-0.80257,-0.57972,0.19022,0.63721,-2.02,1.5284,-0.94374,-0.81079,-0.031899,-1.467,0.81718
3,-1.164,-1.0253,-3.816,-0.65024,-0.046992,-0.78932,1.6885,2.5816,-1.07,-0.25315,-1.1213,-1.9587,-0.13972,-0.77695,0.68261
10,-2.4153,-3.0168,0.057887,-0.53336,0.38437,-0.66109,0.92531,-0.62085,0.67259,1.5564,2.9103,-0.70563,0.29031,-0.26462,0.73523
5,1.3829,-2.9444,1.238,-2.2978,-0.59275,-1.1431,2.1334,1.0136,0.47806,0.50876,-0.8988,-0.27442,0.12932,-0.16677,-0.55386
5,2.3658,-1.0957,2.3392,-0.69804,0.24559,0.043124,0.56828,1.0774,0.97546,1.2683,-1.4927,1.0858,-0.71736,0.38158,-1.0639
9,0.51058,0.19422,1.4908,0.53656,0.46754,1.3522,1.2173,-2.08,1.0133,0.39808,1.7227,-0.74228,-0.65935,-0.60453,0.26608
7,-0.2235,0.67944,-3.2326,0.67803,0.65106,2.2276,-0.076871,2.4758,1.4109,0.4594,1.1263,-1.423,0.6143,-1.1683,-1.3032
10,-0.33062,-2.2903,1.0357,-3.1641,0.1738,-0.66484,0.68798,0.30632,-0.3384,-0.26409,2.1097,-1.3376,-0.062112,-1.8038,-0.1708
8,0.44717,-3.3642,1.411,0.056971,1.7597,-0.37889,0.64632,1.9883,0.73379,0.77458,1.9333,1.0349,0.08518,0.96516,0.77085
3,-2.4412,-0.83056,-3.5061,-0.80642,-0.8715,-1.2565,1.363,0.15381,1.2609,0.34912,-0.19162,-1.9246,-2.7191,1.742,0.035495
8,2.2564,-0.50144,-1.4093,0.10647,0.99872,-2.268,0.78544,-0.72248,0.90073,-1.4586,0.61751,1.4349,-1.0523,1.7727,1.1609
10,-0.21529,-1.2748,2.4714,-1.0287,0.9331,0.43381,1.0379,-0.42164,1.172,0.43288,1.3932,0.059458,0.98547,-1.2729,1.6126
6,-0.69748,2.0576,1.7608,1.369,0.54933,0.53762,1.1118,1.3274,-2.5901,0.56696,-1.7609,0.31498,-1.757,-0.93183,-0.37348
10,2.4332,-0.4521,2.2939,1.6828,-0.2375,2.7117,-1.2504,-0.73749,1.1971,2.1476,0.29311,0.10645,-0.55874,1.4711,-0.75766
2,3.6775,1.6914,-0.95086,-0.62634,2.1784,0.15148,-0.58289,-0.89702,-0.23719,-0.61586,0.13023,-0.84842,0.2146,-1.2531,0.689
5,2.1364,-0.22923,1.3732,-0.95469,1.0646,1.4104,1.2836,-0.58677,0.10348,0.4568,0.36677,0.084953,-1.3364,0.58567,-0.6344
5,0.48348,-3.6221,0.19342,-1.464,-0.17676,-1.2042,1.7714,0.55148,-1.1572,1.095,-1.5638,-0.89372,0.9454,0.065661,0.57064
5,-0.42172,-1.9568,-0.88558,0.42163,-1.0292,2.4649,-0.96364,-0.86704,1.5599,1.4912,0.5586,0.90523,1.8197,-1.1787,-1.2374
5,2.3912,0.10351,-1.3566,0.81211,-1.1373,1.1571,-0.050178,-0.47809,2.7303,-1.2302,-1.0513,-0.92375,2.3395,-0.64545,-0.055245
9,0.46837,1.6036,-1.7685,2.8,-1.9338,-1.4122,0.29939,-1.74,-0.78103,-1.4159,0.34506,-0.00062327,-0.027938,1.8127,0.36904
8,0.99238,0.60916,0.094374,-0.053357,-0.99172,1.3963,-1.1439,-1.8859,1.5462,-2.4874,0.42785,-1.9835,-1.2732,-0.33014,0.53894
3,-0.34265,3.7229,-1.6481,-2.5029,-1.3219,1.9301,-1.9299,0.25635,1.5852,1.1402,-0.36393,-1.1915,0.28214,1.6537,-0.93155
4,1.575,0.31691,3.1515,-1.1792,0.58319,1.2481,0.49747,-0.39532,2.099,-0.48484,1.2662,-1.9097,0.022174,0.62254,-2.4131
10,-5.0879,-0.9781,-1.8709,-4.5582,1.2004,-0.56176,-3.9277,-0.4117,0.36024,1.5968,-0.22843,-2.044,-0.81341,0.080475,-0.26181
2,3.3044,0.76778,-0.13232,-0.56166,2.3172,1.3789,-0.86385,-0.11871,-1.5246,0.78503,-1.1498,-0.98393,0.80932,0.53285,0.15111
9,0.78697,1.9915,0.13046,1.274,-3.1984,0.096643,-1.3079,0.39708,-0.65808,1.412,0.23072,1.5937,0.087052,0.0076231,1.0429
1,-0.94692,0.4997,-1.5953,2.3094,2.9695,0.76952,2.0484,1.183,0.55337,-0.72102,0.10236,-0.65666,0.75538,0.36974,-0.47171
5,0.74208,-1.9731,-0.27497,-3.1984,1.3489,0.3159,2.0868,-0.32037,-0.12566,-1.42,-0.059853,-0.56512,0.37518,-1.0668,-0.49971
7,-1.8866,-1.1078,-1.155,-4.8914,1.5037,-0.80679,-1.385,1.9069,0.087715,0.11412,-0.51519,-1.5555,-0.84702,0.58298,0.093664
9,-2.5391,0.69035,0.8288,3.1843,-2.5359,0.48372,0.20232,0.26018,1.2429,-0.28974,2.1632,-0.70225,1.386,1.4155,1.569
7,0.41901,-0.049615,-3.0484,0.2157,-1.7821,3.9989,-0.50765,0.95306,0.12156,0.11377,1.7197,-1.6311,-0.27453,-0.24838,0.014802
4,-1.9362,4.1729,2.2504,0.9836,-1.9261,0.63025,-0.76854,4.1142,1.3895,0.27442,-1.2226,-0.32322,0.35319,-0.63908,-0.2516
3,0.29962,3.1853,-1.0573,-1.519,-1.7221,0.16595,1.2083,0.096255,0.55607,2.7997,0.027622,0.026617,1.6858,0.79924,-0.71011
2,3.2185,0.52912,-0.064712,-0.9016,2.3562,1.2476,-0.40348,-0.044804,-1.5638,1.0723,-0.86145,-0.73271,0.74465,0.64465,0.047809
10,1.3115,-1.2938,2.8463,-2.2338,-0.08154,0.45692,0.76223,0.76866,0.66595,0.54874,-0.048079,-1.1729,-1.2276,0.19539,-0.868
4,0.82856,-0.66503,1.3982,-1.6479,1.2714,-0.082719,-0.70716,1.947,0.22407,-0.59012,0.14441,0.78431,-0.71489,0.68296,0.71317
7,-2.759,-0.80218,-2.263,-0.64935,-3.1834,3.2639,-1.6027,-1.6638,-0.70854,-0.6356,-0.30531,0.86352,-0.34602,1.4429,0.65162
8,2.8053,-0.90248,-0.66693,0.073257,1.4374,0.18035,-0.11575,0.28424,-0.71197,-1.9067,0.40396,0.71899,-0.19231,0.70897,-1.0811
3,0.28492,0.97024,-1.6438,-0.95618,-1.3666,0.070688,0.10255,2.2887,0.40645,-1.8071,-1.6755,1.0357,1.0276,-1.0373,-1.9834
4,0.86716,-0.43818,3.3667,-1.5013,-2.6648,-2.108,-1.0547,-0.18698,1.5107,-0.16485,2.001,-1.9554,0.23933,0.16625,-1.4026
8,2.3228,-1.2797,-0.37858,-0.17036,1.3265,-0.79133,-1.3777,1.7926,-1.2496,-1.4865,0.47616,-0.027937,-0.079191,-0.2973,-1.0096
9,0.54052,0.19562,1.012,0.13635,-2.2962,-1.1683,0.46572,-1.19,-1.9044,-0.30311,-0.83144,-0.14745,-1.1346,1.0789,0.66043
6,-2.0109,-0.079702,1.8734,1.982,1.3462,1.2255,1.563,1.0096,-0.82569,-0.09431,0.17807,0.58476,-0.64008,-1.3028,0.36292
1,-0.43405,0.65695,1.6038,-0.25027,0.7973,0.94095,0.61345,0.71327,0.21109,-1.8728,2.7597,0.61711,1.8413,0.70293,-0.71873
7,-2.0214,-1.6774,-0.44374,-3.2175,0.21483,-0.63254,-0.32398,0.782,-0.11041,-0.49883,-1.7271,1.5285,-0.75785,0.36649,0.75234
6,1.7367,-0.087783,-1.3834,-0.36118,2.737,-0.13428,1.3625,-0.29608,0.16052,-1.9273,0.41765,1.2975,-0.062858,0.6111,0.4435
6,-1.9613,2.168,2.9669,0.65936,-0.25274,1.213,0.96168,-0.99974,-0.74851,-0.62236,1.1681,0.41059,-0.87128,-0.34178,-0.59894
9,-2.358,1.0748,2.0424,2.7416,-1.0979,-0.11037,1.7138,-1.2933,1.502,-0.98547,0.9675,0.6009,0.56887,1.2581,-0.44916
9,2.3342,1.6164,0.32899,-0.33522,0.39325,0.2431,0.73535,0.069717,-0.69342,0.50175,-0.75157,0.89323,1.398,1.0911,0.83331
9,-3.5597,0.35542,-0.6971,4.6223,-3.9406,-1.4821,-0.83477,-2.6382,0.82102,0.17373,-0.7408,-0.4052,-0.22498,1.5346,0.91063
2,2.7149,0.32871,0.29608,-1.2274,2.0609,1.4054,0.34147,0.16553,-1.2241,0.9906,0.19906,-0.58352,-0.37335,1.5066,-0.25611
5,-2.1308,-4.8887,-1.7373,1.3308,-1.0923,-0.36147,0.66096,-1.0225,0.37206,-1.4837,-2.8079,-0.35945,0.83367,-0.15815,1.0013
10,1.765,-2.4368,1.9034,0.12402,-0.57928,1.6419,0.70167,-1.0743,1.3531,2.2782,-0.15164,1.2841,-0.28401,-0.27786,-0.31842
3,-0.28395,1.1859,0.15062,1.2607,-0.62489,-1.9904,0.53822,-1.4513,-2.5053,0.63858,0.83794,1.1006,-1.4138,-0.32826,1.7707
5,-1.6787,-2.7772,-1.5491,-3.611,1.6786,-1.9296,1.042,1.2575,0.88791,-0.17963,1.0935,-2.8609,-0.78928,0.82954,1.5652
5,1.3271,-2.6579,-0.012465,1.1877,-0.38614,0.53816,1.1248,-0.61812,-0.21432,-2.215,-2.6614,0.89137,-0.15025,-0.33022,-0.85709
8,-0.70641,-3.3528,-1.7474,2.8156,1.169,-2.2095,-1.27,-0.55963,1.2208,-2.829,0.2986,0.21917,-1.9484,0.48332,0.17008
5,0.60832,-1.7263,1.0802,-2.269,-0.96753,-0.63814,1.5537,0.6213,2.9641,-1.6712,-0.17588,-0.66528,0.58586,-1.4191,-1.0049
1,-3.6064,0.37335,-1.7641,3.5651,3.9735,-0.32678,0.90204,0.30035,2.0478,0.67411,-0.68784,0.33879,0.12063,-0.77722,-1.0686
7,-1.2979,-3.5097,-2.1738,-3.1952,0.1806,0.090933,-0.36697,-1.1902,0.16372,1.3593,0.70616,-1.1872,-1.2229,-1.0589,0.61341
6,-0.83737,-0.31649,2.4589,2.5432,0.74116,0.64645,0.8465,-0.5498,-2.1408,1.3737,-0.55576,-0.1358,-1.2709,-1.6105,-0.23785
8,2.6604,-2.2559,0.42593,0.79135,1.1221,-1.4847,-2.1273,0.34159,-0.31431,-0.38727,0.28195,1.0771,0.32353,-0.11689,-1.0018
8,2.5973,0.098508,-0.9341,0.1561,-0.41463,-2.084,-0.49765,-1.0419,0.7919,0.56253,2.0816,0.58102,-1.2527,-0.93132,0.53264
4,-0.50712,-0.18521,3.232,0.54241,-0.1582,-1.7009,0.53994,-0.23744,2.4673,-1.8381,1.0955,-0.80478,-0.90854,0.66695,-2.5263
8,0.80478,-2.3083,1.4941,1.4623,-0.25228,-1.2274,-3.5015,3.0269,-0.30982,-0.5898,0.43346,-0.45992,0.16936,-0.76187,0.21211
9,0.36714,1.4572,2.5417,-0.2266,-2.3466,-0.30016,-0.3535,-2.335,-0.67195,0.59733,0.35129,0.062164,-1.3342,0.22767,0.70597
2,2.2934,0.4694,0.57303,-0.62471,0.77224,2.3065,-0.43244,-0.70911,-0.91486,1.3194,0.080572,-1.4695,-0.5359,2.1331,-0.13621
8,1.0303,-2.4547,0.032759,0.2062,0.41046,-1.3116,-1.7595,1.9293,-1.3471,0.57354,0.86652,-0.12562,0.44524,0.64214,-0.10195
6,-1.3918,0.62242,3.5372,-0.077198,-0.05248,1.2357,0.12624,-1.0783,0.13771,-1.2022,1.2165,0.24317,-1.4386,-1.5259,0.2256
8,1.1349,-1.9617,-1.0729,0.80599,1.4931,-2.4594,-0.92741,0.23424,-1.3287,-1.3566,1.5503,-0.84731,-1.1933,-0.43035,-0.2854
3,-4.2599,0.21422,-3.6013,-0.14327,0.27217,-0.86216,-0.13863,0.86806,-1.6731,2.0541,0.56499,-2.1778,0.88157,-0.34776,0.67699
6,0.32876,-1.0672,1.0455,3.4848,1.2381,0.14742,1.923,-1.9349,0.43658,0.2819,0.23271,-0.18299,0.83917,0.44771,-0.2638
9,0.54158,-0.81452,0.027547,0.23363,-1.5766,-1.8827,0.047696,-0.94499,-2.2434,-0.54392,0.60137,-0.085997,1.0933,0.33745,0.48225
5,-1.7561,-3.4855,-1.9866,1.2943,0.072394,2.3239,0.21785,-1.3012,-0.6644,-0.85197,-1.3438,-2.0244,0.58,-1.1968,0.90412
6,-2.464,2.6751,1.2322,2.5268,0.76587,1.982,1.0634,1.0983,-0.97364,0.010906,1.1774,0.92888,-1.0489,-0.28738,0.044776
9,0.31007,0.21526,2.372,0.13651,-3.8382,-0.26243,-1.1107,-1.7862,0.10752,-0.057642,1.3392,-0.081896,-0.98019,1.618,0.47083
10,2.5795,-2.0203,0.037915,1.9715,0.021692,1.0205,-0.35307,0.81872,0.81098,-0.87944,-0.84057,0.28099,1.1648,0.28316,-1.2665
2,3.1402,2.7992,-1.8965,-0.49563,-0.94945,-1.9852,1.0006,-0.62585,1.3951,0.29204,0.77144,1.6854,-0.59294,-0.78009,0.75153
7,-3.485,-1.611,-1.2843,-2.4375,-3.2822,3.6898,-1.6401,-0.71086,-0.88844,-1.3047,-0.70888,0.070924,-1.3818,-0.12319,0.058306
8,0.8868,-3.7013,2.6486,1.3991,0.014842,-0.71738,-1.8581,2.0954,1.672,1.4943,-0.035446,0.96651,0.13367,1.7837,1.0525
2,3.0111,3.0169,-1.6284,-0.5596,-0.53559,-1.8395,1.7716,-0.72998,1.6842,0.79616,0.78666,1.5155,-0.35267,-0.25878,0.96975
2,3.242,0.95812,-0.13735,-0.61376,1.5131,1.7672,-1.3861,-0.60277,-1.0131,1.0092,-1.0824,-1.4543,0.26454,1.2412,0.41299
4,0.46503,2.2552,3.279,-0.088361,-0.52377,-0.52607,1.9751,0.39391,0.41742,-1.1624,-0.26438,-1.2597,0.44802,0.19137,-1.6603
6,1.4446,-1.1582,-1.8139,-0.2655,1.0735,-0.47174,0.74554,-1.3194,-0.40661,-0.89915,-1.4635,0.76051,-1.4047,0.50861,-0.6717
9,-1.0183,3.3405,2.6437,0.28025,-2.524,-0.38318,-0.090518,-1.2697,0.48383,0.27494,1.2938,-0.31232,0.88454,0.70518,-0.32577
5,0.19486,-3.6773,0.17162,-1.0405,-1.5685,-0.38776,2.2074,0.23936,0.40003,1.3547,-2.2282,0.64868,1.0265,-1.2276,0.53731
10,0.55661,-2.7519,1.0833,-2.5499,0.2977,-0.22409,1.1826,0.52523,0.21505,0.17394,1.772,-0.25496,-0.43598,-0.71066,1.1555
3,1.2497,3.152,-0.70425,-1.616,-0.98271,-1.4289,-1.1607,0.66035,-0.48055,-0.62873,-1.1259,1.7899,-0.17554,-0.84399,0.32438
8,1.3588,-3.2215,-0.55479,1.5981,0.39095,-2.017,-3.4193,1.405,0.37267,-1.7246,-0.29388,-0.63594,-0.23812,1.169,1.1221
1,-8.4563,0.3862,-1.856,1.6908,0.86301,0.35489,-1.3574,-0.89374,0.68291,1.0007,-0.8486,-0.075506,-0.12918,0.036133,0.29842
8,0.50131,-3.0266,0.66691,0.47843,2.2567,0.094246,-1.441,2.7172,0.50902,-0.25659,-0.15158,0.34594,0.38922,0.88905,2.3598
10,2.228,-2.1001,1.0443,2.2324,-0.734,-0.0017467,-1.7073,-0.43422,-1.0969,-0.29524,-0.93279,0.70955,0.064521,0.7233,-0.76171
2,3.652,2.3401,-1.105,-0.35898,0.5922,-1.0806,-0.15668,-0.80173,0.85853,-0.35837,-0.25735,0.86429,0.12291,-2.0314,1.16
8,1.7695,1.2916,-2.1279,-0.5002,-0.56125,-2.5667,2.078,-0.013644,-1.832,-0.011773,0.68055,0.27356,-0.64451,0.74011,-0.062776
5,-1.9495,-2.2515,0.041738,-3.8714,1.8965,-1.7025,1.6826,0.27743,0.60281,-0.3429,0.42343,-2.7386,-0.7529,0.45449,2.0402
5,-2.2978,-2.2374,-3.0913,-3.7246,1.4912,-2.5883,1.3703,-0.65489,1.6033,0.6193,-0.65027,-3.6411,0.21908,1.1579,-0.002698
2,3.4635,1.0145,-0.37811,-0.35108,2.1265,1.6113,-1.2715,-0.52133,-0.91029,1.0325,-0.82738,-1.4502,0.86681,0.53638,0.49596
1,-2.6654,1.0317,-0.31784,2.8665,2.247,0.47524,2.0858,0.91859,0.85504,-0.51583,1.2509,-0.37249,1.8809,0.5924,1.1142
9,-2.5026,0.69029,0.0057937,1.6067,-4.1658,1.2092,0.23791,-0.50922,-2.1203,0.022011,1.2705,-0.75729,0.25016,1.8792,1.9336
5,-2.6488,-3.1962,-0.31881,-2.324,-0.26806,-0.36286,3.5263,-0.07556,0.527,-0.033204,0.2462,-1.329,-0.35226,0.20734,1.1577
6,0.029874,2.8112,0.34169,1.5727,1.1192,1.5781,0.75936,1.5628,-1.6664,1.264,0.044755,-0.97742,-1.1177,-0.71259,0.75349
7,-2.5709,0.52625,-1.2799,-0.78532,0.22021,2.2477,1.7435,-1.6321,-0.10224,-0.26415,-0.38287,0.22896,0.59027,-0.9755,-0.92486
4,-0.27427,0.45238,4.2725,-0.050148,-0.39491,-0.91634,-0.6889,-1.4017,2.0405,-1.4324,0.46067,-1.0704,-0.36388,1.0273,-1.2588
5,1.8738,-0.84298,2.8966,0.64941,-1.3168,1.4845,0.32269,-0.11617,1.4009,1.6217,-0.48769,1.3024,-1.2011,0.45323,-0.98366
4,-2.0797,3.9997,2.5733,1.7057,-0.24118,-0.032824,0.6553,2.6938,0.60609,0.013721,-1.1097,0.90417,-0.63182,-0.61116,-0.38059
5,-2.0286,-2.2898,1.651,-3.0048,0.33679,-1.0573,1.913,-0.72268,0.2105,-1.3131,-0.27199,-2.3705,-1.4028,-0.18497,0.6387
1,-8.2086,1.163,-0.75697,1.5874,2.4333,-0.63592,-1.5903,-1.4077,1.1986,1.1459,-0.6259,0.53466,0.13002,-0.064844,-0.62365
3,-2.665,0.91651,-2.3763,0.66363,-3.076,-0.13858,-2.0946,0.96362,-0.25016,0.60513,2.9632,0.11743,0.64913,0.27254,-1.9592
4,-0.49969,2.6643,4.2155,0.82857,1.0277,-0.39967,-1.203,0.63942,0.48739,-1.7174,1.9669,-0.79632,0.51387,-0.27526,-0.87604
8,2.515,-2.0784,-0.30568,1.5495,1.2573,-1.0708,-1.6719,0.53051,-0.07192,-0.94839,0.2904,1.4294,0.6322,-0.23923,-1.1249
7,-1.8185,0.50268,-3.6546,0.15674,-0.6855,3.3155,-0.63321,-0.3092,1.0137,-0.2068,0.15135,0.079218,0.52605,-0.11984,-0.090423
3,-1.9252,0.72725,-2.9594,0.2057,-3.0442,-1.7196,1.6153,0.44992,-1.5911,2.1301,2.5087,-1.6639,-0.5426,1.01,-1.0695
5,1.609,-2.7787,-0.14366,-0.25598,-0.36611,-0.15142,2.3542,0.40942,-1.0851,-0.033192,-2.1497,-0.33076,0.3039,-0.13393,-0.25674
6,1.001,1.6271,-0.43185,2.6825,-0.51191,2.0847,-1.5788,0.09861,-0.77137,0.10106,-0.30839,-0.4988,0.11305,0.33303,-1.0282
3,-0.38662,1.7493,-1.6768,-1.1597,-1.5187,-2.85,0.97031,0.92234,-2.5873,-0.67431,0.13995,-0.64582,0.033356,1.8892,-0.25204
6,-0.38368,1.12,3.2787,-0.73313,1.351,-0.074302,0.50639,-0.018008,-1.2956,-1.4102,1.6347,-0.17824,-0.80444,-0.33781,-0.57871
7,-1.9526,0.50072,-1.8464,-0.33464,-0.80829,3.9032,-0.015294,-0.53439,-0.30453,-1.0825,1.2302,0.33707,0.82939,-0.38283,0.62242
5,-2.3059,-4.0955,1.3448,-1.8127,-2.4387,-0.7408,1.91,0.066305,0.32226,0.85553,-2.1042,-0.32702,0.25781,-0.34374,0.65289
10,1.2684,-2.3387,-1.2087,1.6954,-0.053636,-0.75492,-0.17838,-0.038081,-0.59256,-1.3903,-0.5875,-0.3929,0.97379,-1.0951,-0.6687
9,-1.2059,1.2701,1.9339,0.52484,-2.0913,0.6289,2.197,-0.65749,-1.1604,0.38708,-0.43166,1.0523,-0.19694,0.18745,0.80298
4,1.9859,0.072008,2.1915,-0.72929,1.2084,0.91745,-0.57046,-1.2569,0.49665,1.5907,2.0736,-1.635,-0.083263,1.0603,-0.2901
3,-1.7184,5.5791,0.84573,-0.68124,-2.5256,-2.0006,0.23627,-0.074439,-0.086495,1.0812,-1.2019,0.88219,1.1867,0.62455,0.31514
9,-1.9713,1.1063,2.3336,1.3977,-2.8823,-1.5514,2.7849,-2.0497,-0.66155,0.74817,-0.68192,-0.95933,0.62161,1.6057,-0.25107
9,0.49409,-0.29894,0.44983,0.77889,-0.53358,0.057409,2.3722,0.3672,-1.6705,-0.011639,1.3701,0.29094,0.76052,0.62146,-0.45203
8,1.434,-1.6117,-1.8246,1.6792,0.23659,-1.4722,-0.46922,-1.0544,0.35813,-2.2988,1.5188,1.5419,-0.9718,0.71271,-0.70767
7,-1.7392,0.94062,-0.074459,-0.95713,-1.3659,3.7528,0.92133,-1.2631,-0.7787,-1.0145,0.90562,-0.061964,0.067147,-0.089581,-0.14633
10,1.494,-1.837,2.5675,-0.54759,-1.48,1.452,0.8284,-0.54718,0.29695,1.7213,0.14681,0.65798,-1.0898,-0.66589,-0.56734
1,-4.4318,-1.5954,-2.3034,-1.7743,2.0275,-1.544,-1.9011,-1.37,0.12575,2.3259,0.41168,-0.41792,-1.1644,-0.7605,1.0437
9,-1.953,0.3995,1.3061,-1.7744,-3.4376,-0.60336,0.51684,-1.3881,-0.5321,-2.0784,-0.4785,-1.6173,-0.62694,1.1473,0.38266
1,-2.2105,-1.2766,-1.2297,1.0787,1.2431,-1.0354,0.90199,2.1582,-2.5475,-0.44564,-0.78813,0.82605,0.32617,-0.96482,0.33096
7,1.0915,-2.286,-2.1533,-2.6019,0.023276,0.42957,-0.0089604,0.81185,-0.74931,-1.1229,0.17478,0.38374,-1.1563,-0.61311,0.15202
6,0.79691,-2.2582,1.0806,-0.34326,1.9589,0.23463,1.7474,-0.63409,1.4922,0.73368,0.62039,-0.16305,0.13024,0.38505,0.010469
2,3.4547,3.0891,-1.5661,0.51026,-0.071492,-0.10041,-0.77869,-1.2758,1.729,-0.032779,0.18982,-0.39866,0.39422,-1.4789,1.4499
8,2.1514,1.3123,-0.64957,0.42921,-1.176,-3.1932,-0.31301,-0.94012,-0.56248,-0.31659,1.8564,1.1347,-0.89532,-0.93418,-0.51707
9,1.6506,2.4595,-1.6267,2.0638,-0.14181,-1.0941,0.49363,-1.199,0.009104,-0.028106,-0.65103,-1.3688,1.3476,1.2725,1.2184
9,1.3812,1.1147,-1.5041,0.90807,-0.73927,-1.0498,0.77536,-1.2723,-0.82822,-0.38241,-1.1633,0.59162,-1.4691,1.7198,-0.25661
4,-0.13849,1.3563,1.1303,1.5684,0.34479,0.021728,1.3362,3.1514,0.052283,-1.0231,-1.0231,0.40254,-0.22712,-1.0439,1.3322
3,-1.2408,1.262,-1.5128,-1.752,-3.3397,-1.5599,-1.9816,2.2123,-1.2177,-0.80147,0.54898,-1.0801,1.1134,-0.72511,-1.1604
10,-1.6634,-3.9467,0.50804,-1.6717,0.13656,-0.59952,0.83476,0.057641,1.2637,0.77334,2.7975,-0.8924,0.49429,-0.83477,1.812
5,1.1478,-1.484,0.44891,-1.9649,-0.33591,0.55084,0.59578,-0.20363,0.49119,1.2263,-0.011951,0.5946,0.030055,-1.8341,0.17135
2,2.9766,3.6431,-1.8242,-0.01063,-0.96766,-1.2613,0.79775,-0.94168,2.0668,0.47081,0.97974,0.8739,-0.048404,-0.84485,1.1083
9,-3.2734,1.7115,0.16686,0.58936,-2.1242,-0.29967,-1.2841,0.10681,-0.047777,-0.19161,0.18347,-1.5257,-2.254,-0.045836,1.3816
1,1.735,0.23266,-1.9518,-0.44692,0.30315,-1.3976,1.9381,1.4268,0.33515,-0.27721,-0.74494,0.40856,-0.28816,1.4261,-1.6254
7,1.6922,-1.2536,-1.0567,-1.7987,0.51046,-0.60066,-0.50695,0.31776,0.052454,-0.78725,-1.3176,0.1265,0.34298,-0.57583,0.96351
3,-0.16975,-0.58533,-2.8784,-0.63088,1.8674,-0.19557,1.6831,1.5507,-0.79885,0.25334,-1.1042,-0.78468,-0.97645,-0.24633,0.56581
7,0.091222,-0.75914,-2.5533,-0.64862,0.87656,3.0023,0.2024,0.6927,-0.64197,-1.3696,1.9418,-0.30616,-0.19866,-0.50438,-0.47477
10,0.97286,-3.5092,2.2607,0.4672,-1.0856,-0.047916,-0.48845,-0.21084,-1.1346,1.3428,-0.52974,0.84322,0.63134,-0.29653,-1.0153
9,0.64305,2.1874,-0.0060732,-0.30113,-1.0871,2.4041,-0.32924,0.80505,0.0083111,1.0803,-0.5568,1.1595,-0.48892,0.87083,1.2378
3,-2.5596,1.1255,-1.7411,0.82544,-3.6003,-2.3696,-2.6404,1.3789,-1.238,0.70998,1.846,0.095347,-0.34729,0.98174,-1.5081
9,-1.2798,-0.70624,1.9992,-0.59372,-2.3008,-2.384,0.20899,-0.2406,-0.39123,-1.4013,0.90935,-2.8633,-0.075519,0.5931,-0.20362
9,-0.73482,2.8202,2.6487,-1.9063,-3.2897,-0.5351,-0.84241,0.058344,1.239,-0.83666,0.2493,-0.13427,-0.39183,0.3783,1.3623
7,0.72668,1.2628,0.58992,2.0046,1.2308,2.2126,1.6556,0.384,0.38832,0.959,0.26451,-0.51177,1.2596,0.7142,0.045272
2,2.1046,3.0288,-2.2181,-0.47647,-0.96331,-1.7949,2.388,-0.33053,1.9866,1.1,0.38147,1.6443,0.16184,0.89071,0.43739
8,-0.16809,-2.4608,-1.5062,3.286,-0.67523,-2.9316,-2.9954,0.92514,1.6218,-2.077,1.0458,-0.29323,-1.7029,0.41377,1.5127
9,-0.24947,1.9209,-2.5457,1.123,-0.54237,-0.099456,1.5993,-1.1588,-1.3471,-1.2603,0.69578,-0.22517,-0.76202,2.1306,0.029793
6,-0.25636,1.149,-0.1685,4.7748,-0.097665,0.63987,-0.10199,-0.8679,-0.30164,0.26924,-0.66474,-0.048173,-1.3012,1.1332,-1.6215
6,-3.0036,0.77998,4.2858,2.0733,0.12064,-0.35839,1.5695,-1.5914,-1.1189,0.33283,0.43396,-1.115,-2.1323,-1.3563,-0.78794
2,3.5991,0.52198,0.090414,-0.9546,2.4161,1.105,0.062404,-0.37877,-0.49617,1.0612,-0.21305,-0.85309,0.25707,0.85498,0.20944
8,1.6674,-2.3096,2.6773,-0.17703,0.19863,-0.15835,-1.9501,1.931,-0.77402,1.9374,0.56393,0.27241,0.18596,0.55832,-1.1373
7,1.597,-0.019462,-0.49665,-0.52442,0.12435,1.4021,-0.40793,0.50551,0.17659,-0.31002,-0.11556,0.25502,-0.17354,0.47391,1.2491
9,-0.67819,1.9475,1.8265,-1.4008,-2.7091,1.2866,0.44866,-1.1424,-1.5199,0.13099,0.098152,-0.35541,-0.99194,0.71667,0.82696
8,0.10572,-2.5253,0.40565,1.2827,-0.33653,-1.5228,-4.2865,2.4512,-0.13943,-1.455,1.053,-1.1128,-0.377,-0.73469,0.8413
10,2.1768,-1.8393,0.97988,2.8965,-1.4135,1.6155,-0.93182,0.24262,0.26381,0.060118,-1.1993,0.28927,1.2279,0.55383,-1.4605
2,3.0616,0.39288,-0.10898,-0.90965,2.3079,1.3186,-0.11051,-0.35881,-1.5824,0.65026,-0.45098,-0.67665,0.23319,1.2812,0.016727
6,2.0963,1.4904,-0.44793,2.1173,2.0684,0.48158,0.20427,-0.24627,-1.7766,0.59599,-0.50467,-1.909,0.33022,-0.42137,-0.0041195
9,2.049,0.53251,1.0735,1.0152,-0.97897,0.54334,-1.23,-1.8413,-1.0674,0.052063,-0.18433,0.87379,-0.7022,-0.3196,-0.055319
1,-4.0251,-0.070295,-0.2028,-0.081194,0.42479,1.3242,-0.28784,1.7039,-1.8514,-0.67921,0.30575,2.641,1.0991,-1.3585,0.95427
2,4.0249,1.8864,-0.7688,0.13049,0.67161,-0.54896,-1.3032,-0.9805,0.8203,-0.16423,-0.59566,-0.081992,0.71978,-2.0978,0.65684
9,1.6198,1.3649,-0.1437,1.1527,0.14472,0.8752,1.4576,-0.5632,-1.1564,1.1926,0.57944,0.45975,0.069539,0.65067,0.63484
3,0.32379,1.83,0.99495,-1.1349,-1.7631,-1.9824,-2.1245,0.58042,-2.6005,-1.0887,0.095574,0.45719,0.23531,-0.63559,-0.59838
7,-3.54,-0.29171,-3.7786,-0.10081,-1.6679,2.629,-0.042938,-1.4833,1.304,0.18893,0.01767,0.66954,0.27834,-0.44287,0.449
5,0.2088,-1.8887,-0.44391,-0.49476,-0.92546,0.9513,1.4733,0.93638,-1.0399,0.65586,0.91855,1.1713,0.70138,1.2492,-1.0345
9,-0.98273,0.45108,1.4774,1.7828,-3.905,-0.07686,-1.7312,0.37446,-0.63435,0.41568,1.0456,0.50869,-0.27885,1.0162,2.0637
9,-0.54259,0.51967,1.1017,0.48095,-0.2812,-0.053027,2.85,-0.63991,-1.8048,-1.1676,1.1604,0.047361,-0.27602,1.2428,0.37062
1,-3.0061,-0.020738,-2.1585,2.6506,4.0855,0.33397,0.95333,0.0081403,0.64602,1.0177,0.32563,-0.47634,-1.816,-1.983,-0.54675
3,-1.125,0.30536,-1.801,-0.44348,-2.6979,-1.9868,0.3904,0.95879,-2.3987,0.40237,0.091655,-1.0016,-0.49915,0.5185,-0.96027
10,-0.34038,-2.8769,1.2988,-1.3815,-1.2046,-0.48571,2.0464,0.00039847,-0.26677,0.69929,2.1932,0.93873,0.42823,-1.2942,0.34958
7,-2.0611,-0.63881,-3.2985,-0.33153,-1.3625,4.3368,-0.73679,-0.18522,1.2507,0.29662,1.5644,-0.5891,0.32261,-1.2789,-0.2181
3,0.24686,4.0017,-1.7848,-0.03807,-2.1698,-1.5459,0.12661,-0.69243,0.55242,2.9676,1.1401,0.67963,-0.21976,-0.096766,-0.55967
5,-0.98405,-2.655,-0.55635,-1.1212,-0.96891,-0.062296,-0.85752,-0.43938,0.40048,1.8092,-0.589,1.864,0.090346,-1.9447,0.36598
6,-0.073199,2.5453,-0.14858,4.0439,0.80835,0.86485,1.0978,0.017227,-0.031116,1.5326,-0.32306,-0.99746,-0.14093,0.47498,-0.5465
2,3.5927,1.6683,-1.3103,-0.72284,1.4783,-0.6531,-0.37826,-0.44741,0.10984,-0.60091,-0.36987,0.59124,-0.087304,-1.9787,0.4868
2,3.4152,0.62116,-0.1692,-0.81879,2.9682,0.50326,-0.19028,-0.085005,-0.85824,0.32227,-0.37008,-0.44616,1.0603,-0.35979,0.051382
6,-5.1362,1.6631,2.8996,-1.3151,-0.94223,1.3803,-1.0966,-1.3585,0.81605,-2.0472,-1.4258,1.237,0.13983,0.097216,1.1387
6,-0.077507,0.047442,4.1395,1.2787,0.4629,-0.43911,0.035447,-0.17604,0.067793,-0.33037,1.5507,-0.87584,-1.2719,0.8247,-1.3627
4,0.49082,3.0813,2.943,-0.71263,0.73208,1.4559,-0.077334,2.1058,0.080805,-1.1334,-0.46118,-0.79066,-0.44009,0.3843,0.30504
10,2.786,-1.412,1.3714,2.5728,0.30174,1.986,-2.1713,-0.1954,0.84806,0.49023,-0.93161,1.1746,0.0010396,0.93342,-1.1487
3,-1.5163,-0.46868,-2.0154,-0.5024,-1.4732,-1.1828,1.2072,0.77544,-2.012,0.7719,0.70621,-1.585,-0.53249,0.075431,-0.79868
9,-0.074324,-0.79461,-0.84385,3.2062,-2.1667,-0.89686,0.90936,-2.5114,-1.3628,-0.46591,0.34336,0.44776,0.3675,1.0525,0.79922
1,-4.5633,-0.81862,-0.84617,2.1451,3.7307,-0.5296,-0.67774,-1.2063,0.70219,1.4304,-0.62102,0.94338,-1.0935,-1.4328,-0.70928
5,0.019388,-3.1819,1.3709,-1.598,0.50336,0.17785,1.8718,0.96452,-0.057412,0.84687,-1.6649,-1.8559,-1.0672,0.47729,1.6637
3,-0.66131,3.1755,1.1316,-0.29649,-2.5271,-2.2321,0.40799,-0.7983,-0.66075,1.0832,-0.19385,1.6961,0.66353,0.68507,1.1002
4,-2.4957,2.9621,3.5135,0.88798,-0.80106,-1.2642,1.4793,0.63261,0.088097,-1.5486,0.03193,0.34286,-0.026765,-0.14802,-0.79851
7,0.44656,-1.499,-1.6239,-2.1025,-0.64369,0.64341,-0.54502,-0.34642,-0.83891,-1.4239,-1.2116,0.64513,-1.1492,-0.26644,0.35312
8,0.23981,-2.6229,1.4546,1.3684,0.036507,-1.5071,-2.854,2.1457,-1.6928,-0.37995,0.63543,-0.10271,0.45502,-1.2872,0.15821
2,3.5593,2.3029,-0.77392,1.7279,-0.82479,-0.62466,-1.0212,-1.301,1.8316,0.16334,-0.93751,-0.45236,1.0151,-0.92808,1.2214
8,1.0891,-3.2407,2.8925,0.09592,0.59825,-0.49305,-1.4342,2.568,1.2025,1.6149,0.50431,1.2396,-0.3972,1.5587,0.76381
8,1.6863,-3.461,1.2292,1.7081,0.04311,-1.9229,-3.4613,0.99513,-0.31999,-0.26023,-0.48119,0.32786,0.55553,0.42359,-0.13615
5,-0.76377,-3.1574,-0.59566,-1.0387,-1.746,-0.050295,1.5406,0.66889,-1.6218,0.37787,0.13346,1.3007,0.64995,0.9327,0.05884
3,0.92712,3.1537,0.68421,-2.2892,0.87512,1.1368,-1.7272,-0.47005,-0.62145,-0.21456,-0.72512,-1.011,-0.44996,0.23862,1.3547
9,0.65977,-0.58602,0.68138,0.30416,-0.83247,-0.17958,2.1658,-0.63969,-1.6855,-0.88426,1.5675,0.27452,0.099648,0.092539,0.12332
9,-0.020137,1.9134,-0.22375,-0.18505,-1.1217,-0.04146,0.53514,-1.3009,-1.7891,-0.4552,-2.1435,0.77997,1.2992,1.4537,0.64097
1,-6.1088,0.21205,-0.95996,1.599,2.265,-0.41058,0.18176,-0.19212,-1.6752,0.41287,-0.85984,0.87086,0.078636,-1.3701,0.96175
10,-1.394,-4.3721,1.9585,1.9842,-1.3424,0.83296,0.96675,-0.20802,1.3093,1.0879,-0.44045,-0.2432,1.0593,-0.1586,1.0523
9,1.4319,-0.48408,0.78663,-0.73759,-1.1404,-0.33077,0.085881,-0.34754,-1.3512,-0.63863,0.90938,-0.54097,0.029127,1.0145,0.29736
5,-0.63397,-1.8446,-0.31191,-3.4826,1.0916,-1.5783,2.5698,0.97995,1.0692,-1.735,0.53361,-2.6077,0.51166,0.058272,1.0209
10,-0.60983,-2.493,2.5121,1.0546,-1.9748,-0.98092,1.0934,-0.68044,1.1716,1.2124,0.68135,1.2138,1.2568,-1.1257,1.9486
8,0.0049549,-3.3039,0.99167,-0.043897,0.95597,0.091423,-2.3073,2.9845,0.82499,-0.089726,-0.026713,-0.07256,-0.28968,1.2665,2.2589
2,3.6322,1.1099,-0.25597,-0.26245,1.7367,1.4324,-1.4997,-0.45833,-0.75773,0.95424,-1.1403,-1.246,0.85067,0.060132,0.25617
8,-0.050249,1.2292,-2.2855,-0.76796,-2.5268,-2.2889,2.0813,0.065106,-0.34443,0.68255,0.72714,-0.50117,0.84144,0.25902,-0.39059
2,3.4593,2.2268,-0.98214,-0.8008,0.43889,-1.7301,1.2465,-0.67471,1.0386,-0.31153,0.43534,1.6218,-0.43835,-0.91652,1.1088
2,2.9209,1.5114,-1.8078,-0.71094,-0.55112,-2.5933,2.1418,-0.39741,0.3281,0.26335,0.35862,1.6478,-1.0266,0.71238,0.25519
1,-2.9722,1.0149,-0.019553,1.7039,-0.16809,1.6083,0.88027,1.7231,-1.3107,-1.1533,1.6686,0.6085,2.4431,0.97142,1.8522
8,0.64335,-1.5658,-2.7193,1.5375,1.35,-1.1375,0.34209,-0.51365,0.71284,-1.9319,1.5747,-0.037013,-1.0796,0.95442,-0.56557
6,0.15718,-1.7728,0.45879,2.0412,1.667,0.47033,1.1638,-1.456,1.7338,0.69021,-0.2224,0.5393,1.713,1.5259,0.59892
4,1.3373,0.60141,-0.42771,2.2133,-1.6387,-1.4124,0.51897,-0.99014,-1.699,0.95288,-1.0074,-0.70896,0.66908,-0.64905,0.22347
9,0.47162,-2.6688,3.67,-1.0003,-0.77676,-0.090807,-0.14784,0.14413,0.20679,1.7392,0.50975,-0.48628,-0.59015,0.881,-0.64377
8,1.9615,-1.6969,0.23388,0.89447,-0.48196,-1.3126,-3.1021,1.5914,-0.94026,-0.71471,0.57151,0.141,-1.3511,-0.96399,-1.1365
7,-0.93365,0.12108,-1.7685,-1.0085,-1.6964,3.3137,0.013792,0.31137,-0.08909,-0.81909,0.17221,1.3108,-0.35655,1.1895,2.044
2,3.6147,2.8068,-1.3023,0.48696,0.42967,0.23049,-1.4654,-1.1829,1.2603,0.063339,-0.27556,-0.63317,0.5468,-1.6102,1.3061
2,3.4949,1.3832,-0.05858,0.92171,0.39917,1.9573,-2.522,-0.92657,-0.032811,1.3536,-1.0666,-1.5968,0.63521,-0.042472,0.5505
4,-1.0868,4.3243,3.1737,0.63852,-0.45784,0.86401,0.37128,3.0663,1.1405,-0.34867,-1.1999,0.35485,-0.30393,-0.66265,-0.65985
8,0.006044,-3.738,2.8425,0.37649,0.13775,-0.6067,-1.4291,3.3016,1.9746,0.98008,0.78176,0.1174,0.19697,1.8193,1.6983
5,3.1043,-0.73552,0.48702,-0.27227,0.6833,0.21443,0.84526,-1.28,0.57882,0.30874,-1.8994,1.4272,0.8138,-0.92776,-0.62698
10,-0.063831,-4.0059,1.2059,-0.22472,0.46303,0.02905,0.64964,0.37683,-0.7929,1.2001,1.138,1.3308,0.70966,-0.049176,0.37937
4,-1.7453,3.4665,-0.15262,-0.89388,2.509,-0.29465,-0.76593,0.71037,0.9292,0.18856,-0.31804,1.317,1.1632,0.9463,-0.9964
9,1.7406,2.1292,-1.6962,2.3469,-0.97513,-1.4847,-0.17127,-1.6292,-0.47632,-0.44673,0.32676,0.28796,-0.098432,0.94048,1.0735
9,-1.4612,-0.4581,-2.9657,3.0395,-1.7148,-0.25951,0.76323,-1.7081,0.65681,-1.6456,2.4974,-1.0741,-0.1666,0.89307,-0.71772
10,2.4374,-1.4369,-0.71339,2.0373,-0.84204,-0.54599,-0.14519,-0.55301,-0.38029,-1.4062,0.49471,0.33258,1.1416,0.0399,-1.128
5,2.4084,-1.2999,1.1033,-0.11981,0.62402,-0.45696,0.57961,0.13727,-0.60906,0.10608,-2.4219,1.4779,-0.16021,0.24112,-1.0673
5,0.47975,-1.4139,0.50912,-1.3613,-2.1822,1.6434,1.8952,-0.060579,1.0611,0.13927,0.68623,1.107,-0.026557,-0.17516,-0.15192
7,1.3551,-0.78,0.45018,-2.6911,1.1122,0.10403,1.236,1.3131,0.030824,-0.79792,0.060139,0.54698,-0.29999,-0.2497,0.54883
10,1.5688,-2.6213,1.2159,-1.4849,-0.42764,0.53488,0.95943,-1.3835,1.1429,1.1819,1.0603,0.012545,-1.3966,-0.61265,0.14688
3,-1.8936,0.38534,-2.7334,-2.0551,-3.698,-1.5192,2.2822,1.0393,-0.78695,1.61,-0.31405,-0.69498,1.2472,0.61886,-1.8619
7,-0.77246,-1.566,-3.1501,-1.1682,-2.1949,3.5977,-0.73454,0.55201,-0.72185,-1.2603,1.149,0.084522,-0.8539,0.11884,-0.6103
10,1.4282,-1.7236,2.7102,1.9615,-1.849,2.7512,0.30488,-0.11506,1.9829,1.8786,0.23827,0.76008,-0.018616,0.97828,-0.82961
6,-2.581,2.9665,1.9081,1.3015,-0.74887,1.4935,0.96483,-1.2519,-1.679,-0.47851,0.39772,-0.69274,-0.59668,-0.5798,-1.7728
3,-0.090874,3.3936,0.15547,-0.58821,-0.3608,-2.1435,2.4653,0.79229,-1.4019,-0.26524,-1.5923,0.69688,1.7176,1.5764,0.13796
4,0.99358,2.3479,1.9992,0.49218,-1.2593,-0.30974,0.46261,1.836,-0.54356,-0.12253,-1.2174,-0.35508,-0.78736,-1.9799,0.1219
6,1.4199,-1.4589,-1.0262,0.11819,2.4276,0.35073,0.90189,-0.187,0.91815,0.11601,-1.4908,0.43709,1.0384,0.78528,0.94991
9,-3.0773,0.73831,2.0874,1.4053,-2.7074,0.10733,1.4222,-1.3956,-0.34,-1.2367,0.2209,1.3144,0.35505,0.30804,2.0332
6,1.6934,2.3994,-1.1379,2.8755,2.1067,-1.0603,1.1003,-0.86554,-0.11976,-0.76577,1.4635,-1.3183,-0.3033,-0.815,-0.018824
5,-1.1239,-4.3046,-0.0070651,-0.5571,0.55202,0.0015634,1.6584,-0.43381,-1.5996,0.89085,-0.78125,-1.2955,0.4597,0.3521,2.2896
7,0.44966,-0.33737,-0.95019,-2.357,-0.99615,1.4565,0.1255,-1.4784,-0.67077,-1.42,-0.69856,0.67097,-1.3174,1.3076,0.24165
4,0.79988,2.0512,3.1973,1.0087,1.198,1.6779,-0.58363,0.5968,-0.61327,-0.22759,1.0866,-0.8585,-0.50213,-0.39582,0.79789
8,2.1626,-1.6013,1.4431,0.18366,-0.65293,0.51778,-1.3864,-0.79295,0.34966,1.5585,0.022766,-1.4037,0.75627,-1.3619,0.022263
1,-3.0584,-2.0335,-1.4809,-2.9644,2.7109,-2.2143,-2.1631,-1.0233,2.0127,1.8233,0.79465,-0.095597,0.22895,0.47291,0.78625
5,-2.3528,-3.8537,0.10656,0.41704,-2.4501,1.6888,1.4193,0.32453,-0.18974,-0.36027,-1.5741,0.16753,0.701,0.57208,1.1902
9,1.8602,1.7511,-1.6194,0.83674,-0.68007,-1.4494,0.8368,0.068141,-0.10446,0.047193,-0.22451,-0.11533,2.032,-0.1808,0.27451
6,-0.87312,0.42631,2.7568,-1.7509,0.48125,-0.11269,-0.40968,-0.95987,1.3706,-1.6815,-0.38436,-1.464,-0.084799,-0.7014,-0.94965
9,0.69703,-0.26184,-2.3703,3.2725,-0.7625,-1.1984,0.61625,-1.4093,0.10408,-2.7287,1.4649,-0.95685,-0.11618,1.4002,0.11748
7,0.25351,0.98276,-0.30024,0.43492,0.22085,2.6012,-0.3798,-0.52314,-0.8362,1.0082,2.0775,-0.41396,0.93455,0.70092,-0.049904
8,2.3443,-1.8107,0.2999,0.66127,1.3703,0.027852,-1.6526,0.6986,-1.4774,-0.52692,0.37497,0.99386,-0.41797,-0.39852,-1.231
5,0.26556,-2.7508,-0.40397,0.091868,1.6264,-1.163,1.2723,0.95881,-0.91734,-0.92273,-2.1849,-0.60869,-1.0863,-0.4038,0.59147
6,-1.0207,0.66146,0.20067,1.3798,0.16981,1.705,0.98234,-1.0727,-1.2925,1.6808,0.55682,0.10452,-1.2433,-0.14277,-0.83429
1,-2.5651,0.30885,-0.49441,3.2513,-0.0015457,1.305,-0.018906,2.1015,-0.43832,-1.0007,1.5762,0.030911,2.4027,0.8022,0.84453
5,0.083221,-3.1974,0.94452,-2.0035,-0.77393,0.4231,-0.020254,-1.1357,1.2705,1.8034,-2.2221,0.21217,-0.059588,-1.5783,0.036383
9,0.45709,2.1045,-3.0536,2.6731,-0.45975,-1.9294,2.0511,-0.76995,1.0389,-0.41874,0.20488,-1.6256,-0.24148,1.5977,0.23295
3,-1.1533,1.1895,-3.4826,-2.3953,-3.7407,-1.6634,-0.12878,1.9377,-0.70966,-0.69552,0.4016,-0.6715,1.7145,-0.15779,-1.0892
9,-0.23178,0.66026,2.9501,0.065355,-1.8921,0.46573,0.52891,-1.9546,0.077119,-1.7048,1.8036,0.72251,-0.00023597,-0.27106,-0.63016
6,1.4551,-2.1522,0.66019,1.6302,2.1182,0.4712,0.17822,-1.192,2.0848,-0.16275,-1.8481,1.0209,0.59846,2.2431,0.284
3,-3.298,0.6237,-3.4288,-1.9963,0.026802,-1.8187,-1.0593,0.56751,-0.28414,1.5004,1.4748,-2.3945,0.097132,-0.4714,-1.2211
8,2.091,-1.7111,0.16706,1.5236,-0.36713,-1.2491,-2.5256,0.55393,-1.7047,-0.80664,0.45877,0.8565,0.3381,-0.98289,-1.566
9,1.8937,2.162,-0.80142,2.5132,-0.75012,-0.75116,0.046769,-1.644,-0.14363,-0.24025,0.148,0.26738,0.71561,0.60815,0.9773
2,3.7474,1.7065,-0.95983,-0.91852,2.0585,-0.15043,-0.055378,-0.6416,0.245,-0.38903,0.083424,-0.2331,0.19476,-1.5462,0.69002
8,1.6768,-3.3539,1.2822,0.22024,1.5914,-0.68531,-1.1858,2.4648,-0.054204,0.84754,0.61481,0.82409,0.57692,1.5838,0.26624
9,-5.0021,1.4629,0.39377,2.949,-5.0559,-1.6281,-0.061673,-1.0154,0.17481,1.1915,-0.68952,-1.0451,-1.547,1.3455,-0.030606
3,1.6354,0.51756,-0.24828,-1.9341,0.9808,0.74459,1.172,-0.6955,1.0286,0.046258,0.6164,0.24777,-0.15706,-0.034048,-0.82062
2,2.6643,2.3711,-1.7457,-0.16981,-1.2796,-2.7682,2.4378,-0.35158,1.2862,0.80633,0.14818,1.6316,-0.48721,0.91045,0.48429
3,-2.1638,1.2891,-0.26063,-1.724,-1.3881,-0.59984,-2.8021,2.4441,-1.6357,-0.61062,0.57986,-0.40133,0.91304,-0.51839,1.4719
1,-3.8158,-0.65509,2.5045,-1.7477,0.28758,-0.77308,0.34248,1.4001,-0.93302,-0.7216,0.21291,1.7448,1.512,-1.1204,1.2865
6,0.34972,0.47546,-0.19781,4.7145,-0.035312,0.24628,0.70002,-1.256,-0.0069634,0.74046,-0.13964,-0.52337,1.0229,0.58859,-0.024913
7,2.1305,0.96733,-1.6578,0.62729,-0.2536,2.7217,-0.39126,0.21492,-0.082735,1.459,0.12114,-1.6727,0.1311,0.28295,0.64585
8,0.64746,-1.7909,-2.6049,1.5933,1.1593,-1.7355,-0.13765,-0.974,0.48568,-2.099,1.6345,0.24294,-0.93144,0.85087,-0.35473
9,0.041941,1.4678,-1.9931,3.6494,-2.4017,-0.80746,-0.37872,-1.8622,-1.6776,-1.0416,0.086387,-1.1928,-0.0081461,2.1247,0.65739
1,0.6378,0.65335,-0.54068,-0.77542,1.891,1.9074,0.76756,2.0059,1.166,-1.152,-0.0088496,1.8439,0.83957,0.69187,1.1435
3,0.43778,1.712,-0.51164,-1.0672,-2.3357,-1.4899,-1.9368,0.49594,-2.0684,0.67552,1.2542,1.3724,-0.666,-0.48196,-1.1312
8,0.081016,-3.7495,-0.26668,1.9049,0.79724,-2.8997,-3.1357,1.1624,-0.097459,-1.6273,0.89837,-1.0767,-0.4486,-0.61277,1.0548
6,1.0522,-1.2172,-0.21064,-1.8512,1.6693,0.026197,1.5611,-1.1398,-0.83519,0.61932,1.881,0.033092,0.28219,-1.0752,-0.85438
7,-4.5351,-0.75725,-1.4284,-3.9924,-2.3505,0.93148,-2.337,-2.6917,-0.088006,-0.33045,-2.3848,0.79791,-1.08,0.18974,0.9634
10,0.25077,-3.6392,2.5412,-0.07643,-1.7175,0.47409,0.38119,-0.02243,-1.1584,1.6661,-0.35589,0.70035,0.30959,-0.553,-0.030662
3,-3.4497,1.9433,-2.7164,-1.2687,-0.077143,-0.72818,1.0254,1.7918,-1.4695,1.026,-1.6034,-2.6371,0.77083,-0.041304,0.6177
7,-4.5132,-0.15778,-1.5741,-1.4973,-1.8584,3.9015,-0.90029,-2.0494,-0.60778,-0.69626,-0.42052,0.52465,0.10674,-0.14423,0.22485
5,0.94074,-2.8487,-1.8307,-0.86816,0.43577,-0.96278,0.83553,0.2322,-1.5164,-0.35299,-0.70079,0.61613,0.41713,0.081964,-0.076383
4,0.1749,3.3221,4.8304,-0.57659,-0.54102,-0.14388,-0.6842,0.92252,0.81267,-1.0038,0.37771,-1.7993,-0.29271,-0.66867,-0.57857
1,-1.0165,0.94037,1.3503,-2.9015,3.0967,-2.3722,-0.59821,-0.20518,0.65214,-0.72007,0.24712,-0.66583,2.5794,0.86129,-1.3374
7,-2.3615,-1.9709,-2.4121,-3.138,-1.0881,0.18076,-2.0594,-0.84772,-0.99724,-0.66582,-1.7877,1.5058,-1.399,0.59649,-0.20736
2,2.9249,0.29538,0.27821,-1.0242,2.1404,1.384,0.14655,0.039422,-1.0567,1.1807,0.24208,-0.89868,-0.33996,1.3266,-0.23483
1,-5.8953,-0.001694,-2.9456,0.50895,3.3191,0.404,-0.78112,-1.7957,0.84975,2.2725,0.12421,0.59938,-1.558,-0.81317,-0.69562
9,0.26791,1.2397,3.365,-1.9561,-1.2563,0.63879,0.74103,-1.0999,0.49664,-0.36724,0.67568,-0.99171,-0.85775,0.17961,-0.21761
3,1.4315,1.6065,-1.3538,-1.3049,-0.27763,1.9123,-0.60082,0.66325,0.75559,-1.173,-0.97091,-0.39441,-0.11598,-0.43633,-1.4863
6,1.8148,0.73235,-2.6668,-0.16383,1.2615,-0.40822,1.2509,0.16982,1.3717,-0.33982,-0.57448,0.52615,-0.31436,2.1545,-1.271
4,-1.5808,0.46848,3.1377,2.0203,-0.54119,-0.56957,-0.77212,1.2559,0.48308,0.15771,0.76364,0.73239,-0.90877,-0.25503,1.7058
10,1.9964,-3.0357,1.039,1.8408,-1.2667,1.6631,0.045098,0.28429,0.64022,0.72986,-0.11197,0.62875,1.3994,1.2541,-1.1107
1,-4.6826,1.0217,1.3142,0.13507,3.7227,-2.4041,-1.091,-2.204,-0.51803,1.2793,-0.09445,0.48207,0.5296,-0.81932,-0.1781
5,-0.076484,-3.7529,-0.23799,-1.1502,-0.61801,-1.3466,0.93265,1.132,-1.0945,0.63305,-1.5594,-0.22068,0.20465,-0.46501,0.69719
3,0.43675,-1.2276,-1.1308,-2.583,-2.5388,-0.68686,0.70093,-0.45868,0.38717,0.34387,0.97281,-0.69332,1.1774,-0.75168,-1.5896
7,1.2856,-0.62432,-1.2296,-2.163,-0.39825,1.7135,0.38728,0.0010036,-0.91986,-0.72435,-0.54704,0.95249,-1.6544,-0.23334,0.94615
2,3.6244,0.65587,-0.41565,-0.47305,2.2477,0.99234,-1.0739,-0.36243,-1.0382,0.56563,-0.5213,-1.1099,0.62218,-0.09076,-0.21464
5,2.6318,0.074756,-1.0967,0.40935,-0.83755,0.3088,2.0749,-0.75108,1.3686,-1.9556,-0.2637,0.96853,-0.55368,-0.80409,-0.80222
2,3.697,2.7604,-1.1847,-0.40381,0.63862,-0.63189,0.24552,-1.1587,1.629,-0.24264,0.96315,0.064158,-0.56786,-1.1073,1.1207
8,2.1039,-2.0346,0.87214,1.3279,0.046658,-0.74503,-2.4378,-0.28745,-1.6848,0.18227,0.089873,1.2638,0.50528,-1.2696,-1.4392
10,3.2015,0.94845,-0.36017,1.6823,0.21047,0.71311,-0.71387,-1.3767,1.1906,-1.3383,0.29979,0.57292,-0.73498,-0.82731,-1.0882
7,-0.052458,-0.52645,-1.1929,-1.0155,-0.0061819,3.1007,-0.68557,0.86467,-1.7793,-0.35371,0.50745,-0.40914,-1.5929,-0.04042,-0.3458
10,1.86,-3.0417,0.8051,2.2282,-0.43563,0.97899,-0.28557,0.097557,1.2038,-0.041973,-1.8328,1.4411,1.396,0.027575,-1.1527
5,2.5928,-1.2936,-0.90686,-0.12786,-0.69325,-1.1097,1.385,-0.74094,0.023383,-1.4795,-1.3642,1.1469,-0.42842,-1.2595,-0.50906
8,-0.63844,-2.4075,-2.2616,3.6133,-0.80496,-2.4384,-2.1169,-0.57262,1.7314,-1.7777,0.44104,0.19675,-2.2603,0.65114,0.70138
1,-5.9447,2.2704,1.2141,-2.7037,3.3945,-3.608,-1.0852,-0.97353,-0.63514,1.6295,-2.0019,-1.6199,-0.6363,0.761,-0.33189
4,1.217,2.5271,3.0997,-0.20425,-0.42599,-0.31911,0.9245,0.99447,0.38285,0.29654,-0.16893,-0.18699,-0.14086,-0.18095,-0.83033
10,-0.17115,-4.6164,0.31782,1.0123,-0.24963,-0.87124,-0.89861,0.094836,-0.1357,0.52759,-0.84484,-2.0948,1.3963,-1.0195,1.2387
10,1.5947,-1.5485,-0.36409,-0.4018,0.60877,1.2884,2.0592,0.78024,-0.38235,-0.78042,0.80457,0.45754,0.91285,0.64935,0.064676
5,-0.46222,-1.951,-0.052448,-2.394,-2.2412,-0.73676,2.5316,0.85274,2.9948,-1.2791,-0.085739,-1.7815,1.3728,-1.8409,0.11679
5,-0.42718,-3.1883,2.5456,-1.659,-2.7465,-0.52334,2.294,0.50269,0.60113,0.38193,-0.61191,0.52676,-0.67568,-0.7931,-0.19125
7,-0.37028,0.39416,-0.47601,1.623,-2.0354,3.2917,-0.34021,-0.91864,-0.28177,0.93328,1.6713,-0.93455,0.85303,-0.3205,0.53839
6,-0.55386,0.32477,2.7271,3.8916,0.080675,1.7179,0.11235,-0.1407,-0.28441,0.54863,0.46049,0.63057,-1.1882,-0.83333,0.042837
9,-4.4817,0.09157,0.39624,1.992,-1.5827,1.3714,-1.1096,0.3313,0.7483,0.8874,-1.6523,-1.5977,-1.118,-0.38972,-0.3647
1,-3.0774,0.50898,0.79169,-0.24494,1.8843,0.14483,1.0371,0.47352,-2.7274,-0.52197,0.1567,1.5642,0.99408,-1.2373,1.8828
9,-0.31929,1.546,-1.7925,3.9643,-1.7852,-1.0586,0.77284,-0.39853,-0.65639,1.1712,-0.52874,-1.7421,-0.45566,1.471,-0.27575
4,-0.51361,2.2509,3.7326,0.63182,-1.2836,-0.30828,0.75309,1.7404,0.16644,-0.22311,-0.9711,-0.074415,-0.48201,-1.9651,0.18042
4,2.1596,0.80952,1.3487,-0.88233,-0.29485,-0.032293,1.8285,-0.097019,-1.1019,1.4235,0.094886,0.37532,1.1022,-0.71796,0.54447
10,1.6313,-3.6548,1.0493,1.4558,-0.44071,-0.017188,-0.53771,-0.72787,-0.17029,0.25698,-1.761,0.81089,1.2528,-0.12583,-0.55861
8,2.4054,-1.8168,-0.1809,1.1177,1.6886,-0.44606,-0.49079,1.0288,0.51985,-1.0281,-0.98661,1.5613,0.99623,0.68436,-1.1743
3,0.78754,0.061432,0.40594,-1.9721,-1.0877,-1.4752,0.90938,-0.51504,0.22197,2.1522,1.139,-0.26205,0.7875,-0.38691,-1.3997
3,1.7701,2.3158,1.1225,-1.0709,-0.31121,-0.60392,-2.3002,0.16925,-0.7084,-0.84034,-1.0044,0.025552,0.29727,-1.2562,-0.035516
2,3.5297,2.907,-1.2795,0.90877,-0.40541,-1.41,-0.51062,-1.2987,1.5943,-0.5511,0.11938,0.23892,0.14159,-1.7454,1.222
10,0.66461,-3.2284,-0.36775,3.4541,-0.14628,0.5156,-0.1357,-0.2023,0.60315,-1.8837,-1.3165,-0.8426,0.12725,-0.19017,-0.23858
4,0.29247,2.3213,2.1518,1.6484,-1.4416,1.0779,-0.14943,2.437,0.66101,0.20002,-2.1905,0.6154,-0.69588,-1.248,-0.48229
5,2.2817,-1.1234,1.909,-0.054289,-0.66191,0.089582,1.2562,0.62427,0.2399,0.94382,-2.209,1.6792,-0.44065,0.47207,-0.9142
3,-3.6973,-1.3954,-2.2146,-2.0308,-1.9945,-1.0925,-2.2815,0.64406,0.63614,1.4521,0.81036,-1.4964,1.0819,-0.71855,-0.2835
8,-0.097699,-4.3366,0.69141,1.0794,1.5844,-2.3487,-2.4072,1.6723,0.086172,-0.55396,-1.2568,-0.78134,-0.15038,0.80614,1.7983
3,0.91616,1.3944,-3.4264,-1.459,-1.256,-1.6702,0.92287,0.79648,-0.49484,1.1612,-0.05596,1.6159,-0.89713,1.0945,-0.44129
1,-2.8952,0.60021,1.6395,0.10467,1.5828,0.088606,0.43066,-1.579,-1.4775,-1.8143,2.3097,0.80935,2.4816,0.60382,-1.2554
1,-5.6087,1.2088,2.5167,0.11028,2.8909,-4.9761,-1.5131,-2.5841,0.7448,1.7276,-0.53348,-0.78739,1.2081,0.60422,-2.1091
3,-1.6374,1.4989,-1.5785,-1.7029,0.47514,-1.8646,-0.14466,2.22,-2.5532,0.11058,-0.10397,-1.6791,-2.0046,1.2436,-0.61301
8,1.016,-1.5506,-2.175,0.65917,-1.3337,-2.6094,-0.82997,0.57516,-0.62304,-1.7531,1.655,-1.9029,-0.50201,-0.12913,0.17813
7,-1.9325,0.83562,-3.4926,0.81437,0.11743,1.8703,0.11103,0.98703,1.2332,-0.2319,1.6491,0.084207,0.1842,-1.7595,-0.88103
8,1.39,-2.5199,0.35836,0.5462,0.71449,0.050715,-0.26642,1.2345,-0.10277,-1.4139,-2.8248,-0.44324,-0.23485,1.4754,0.48518
2,3.8358,0.89629,-1.294,0.28906,0.56929,0.71135,-1.6207,-0.098379,0.10318,-0.19888,-0.70133,-1.434,-0.21779,-1.2906,-0.16262
3,-1.7315,1.0624,-1.4586,-1.8716,0.34066,3.8853,-1.3751,-0.27574,-0.46038,-0.43304,0.30858,0.91818,-0.1176,2.738,-1.3892
7,0.33752,-0.87205,-0.97878,-3.1792,0.40973,-0.35436,-0.53775,-0.33194,0.91244,0.2789,-1.9016,0.46479,0.0073751,0.014857,2.2007
1,-1.5317,-1.209,-3.187,1.1663,2.9471,-1.0201,0.18685,-0.042286,2.2785,0.94228,0.90427,0.089002,-0.8383,-0.29553,-1.5977
7,-0.02229,0.33733,-1.3657,-1.7063,0.64762,2.2404,0.46359,-0.18945,-0.72383,-1.2953,0.70927,1.413,0.025229,0.36756,0.69739
4,0.63542,2.281,1.8763,-0.20155,0.77032,-0.43188,0.27689,3.2093,-0.51809,-0.032712,-0.61342,1.2274,-0.079302,-0.6106,0.41677
7,2.2074,1.1313,-1.727,0.010007,1.0569,0.94415,0.8777,0.51069,0.29733,0.77991,-0.40964,-0.43699,1.0927,0.267,0.13723
3,0.8729,3.8627,0.15775,-1.9297,-0.99922,-0.40033,-3.009,0.45357,-0.10909,-0.12504,-1.0396,-0.049177,-0.25034,-0.8993,-0.065377
5,-0.77243,-2.9498,-1.6811,-0.061919,1.4236,0.87145,-0.23083,-0.52564,-1.9349,-0.29825,0.32082,-0.14055,0.0041526,0.0037037,0.59318
6,-1.271,0.49785,1.8552,-0.86107,-1.0251,1.0866,1.2326,-1.4086,-1.5736,-0.72126,0.57111,0.29526,0.39828,-0.95831,-0.24766
1,-4.3047,-0.093346,-2.1927,2.9316,4.0632,-0.67254,1.4177,-0.030601,-0.18052,0.9336,-0.42693,-0.70205,-1.7119,-1.4922,0.30871
5,-1.5854,-1.3102,-1.9883,-1.323,-1.8242,-2.2996,-1.1025,-1.7447,1.1309,1.0458,-1.275,1.7289,-1.8325,-1.1492,0.073605
8,2.015,-1.9493,-0.79699,1.3862,0.95598,-2.6707,-1.352,0.64771,-0.22288,-1.39,0.33141,0.60163,-0.60395,0.1189,-0.58828
1,-4.0209,1.2458,0.84503,-2.7422,1.5394,-1.1158,-0.096703,-1.1663,-1.5624,-1.109,-0.65982,1.0332,1.6553,-0.41858,1.2285
9,-0.028027,1.233,-0.39871,1.5314,-0.46097,-0.45761,1.1302,-0.11362,-2.238,0.32007,-1.9882,-0.3869,-0.13013,2.5985,0.3042
3,-2.2193,2.626,0.084832,2.2985,-2.6273,-3.0766,-0.70289,-1.6059,-0.59049,1.3018,0.6703,0.55238,-0.3124,1.2659,0.79809
10,1.3397,-2.4954,0.5042,1.9932,-1.2821,0.62193,-0.88196,-0.97658,-2.194,-0.98144,-0.32192,0.25333,0.928,-0.066519,-1.6034
8,-0.11116,-2.1551,3.006,-2.8873,1.595,-0.40192,0.0835,1.6628,2.6892,-0.2515,1.9099,-0.34122,-2.2981,0.57967,0.79287
9,-2.143,-0.15213,1.0846,1.7622,-3.723,-2.113,-0.33589,-1.0445,-1.8381,0.020695,-0.30065,-0.81565,0.69877,1.1187,0.88417
7,0.92224,-0.70047,-1.6573,-2.1346,-1.4973,2.2125,0.43486,0.024691,-0.98965,-0.73119,-0.14906,0.76118,-1.8043,-0.32365,0.98345
6,2.0246,0.10461,0.061329,-0.32872,1.5044,1.5418,0.040163,1.6899,-1.719,0.54711,-0.74187,0.25688,-1.1609,0.40497,-0.088356
3,0.27115,2.2313,1.5497,-0.56508,-1.3936,-3.7495,0.80095,-0.90718,-2.395,-1.2068,0.72006,-0.60595,0.11821,0.83175,0.042107
2,3.8632,1.8225,-1.1541,-0.27243,1.5138,0.67853,-1.3318,-1.0068,0.023628,-0.012553,-0.52137,-1.2118,0.64525,-1.2014,0.85049
4,-2.3087,1.3169,3.6935,1.3825,-1.9515,-0.39605,2.0757,0.12443,0.38131,-0.93084,-0.13353,0.099294,-0.38007,-0.87989,0.2159
6,-4.4486,0.35649,3.2085,1.2116,-0.049692,0.64929,1.7104,-2.7493,0.44866,-1.255,-0.89606,-0.97853,-1.148,-1.8131,-0.59615
4,-2.1494,1.1777,3.9897,1.11,-1.1798,-0.78078,2.2536,-0.44893,-0.042178,-1.7281,-0.026315,-0.51597,-0.71173,-0.36697,-0.44935
8,-0.59278,-4.5091,1.4361,2.329,1.2314,-2.104,-2.71,1.2605,-0.39807,0.25471,-0.00607,-0.8451,0.44528,0.4574,1.3959
4,2.3366,1.1063,0.62285,-1.1561,-0.58513,0.67705,0.31715,-0.81413,0.12659,1.8937,0.49736,0.56426,1.3357,0.40566,0.3603
7,0.041894,-0.29816,-1.4894,-1.5373,-0.88245,3.3907,0.63567,-0.32782,-1.112,-0.56052,0.73234,0.64874,-0.83388,0.14757,1.0701
10,-0.1498,-3.5499,2.6685,2.2678,-2.2241,0.70448,-0.31232,-0.51915,-0.025449,0.73593,-1.3372,0.41237,1.0434,-0.74289,0.14797
7,-1.5976,0.51027,-1.3852,-1.2468,-1.5741,3.8665,-0.072025,-0.83196,-1.4889,-0.90743,1.6815,0.38077,-0.59999,-0.1947,0.75008
10,1.8868,-1.9311,1.6253,1.0081,-0.91862,0.42334,-0.39079,-1.5027,0.18103,1.4383,-1.8651,1.3291,1.068,-0.79517,-0.9009
7,-1.7016,-2.3041,-1.6926,-1.4019,-0.97548,3.9506,-0.60859,1.3614,-1.9861,-0.90064,0.92719,0.68952,-1.2614,-0.22712,-0.18326
9,-0.20073,0.85205,1.4647,2.5061,-2.4307,-0.051108,0.7556,-1.8235,-0.54219,0.81719,0.86288,1.3996,-1.0768,0.13697,1.3309
6,2.8461,0.36525,-2.5179,-0.70045,1.4627,-0.54694,0.083793,-0.34908,1.0165,0.43139,0.7011,-0.46012,-0.21775,2.4123,-0.24271
4,2.5728,1.5854,0.96423,-0.056249,1.2594,-0.42127,0.35934,1.2308,-1.0874,0.51762,-1.5282,0.93919,0.72822,-0.71064,-0.026478
8,1.8866,-2.5845,1.0088,-1.3012,0.70195,0.095831,-0.54269,1.8364,0.094714,1.035,1.6917,-0.044655,-0.97135,0.58231,0.42194
6,-4.5603,3.8633,-0.27549,2.182,-0.88922,1.0862,-2.1321,0.25504,-0.43955,0.12955,0.46477,0.30066,-1.9368,0.17518,-0.52759
5,0.5699,-3.0221,-1.6009,0.92686,-0.99888,0.10876,0.88117,-0.95209,-1.1224,-2.1277,0.012956,-0.19207,0.1432,-0.28767,-0.81799
8,2.7253,-1.2041,0.079773,0.3987,1.3309,-1.8883,-0.96229,0.17543,-0.89488,-0.38784,-0.025106,0.96501,0.79884,-0.47738,-0.87368
10,0.54196,-4.1409,0.54246,-0.18233,-0.74408,0.46161,0.18284,0.15949,-0.62266,1.3767,0.68859,1.5724,0.97322,-0.27503,-0.15158
9,0.33543,-0.32142,1.3948,0.4266,-0.43189,0.42423,0.09635,-0.61891,-2.0798,-0.30016,1.5927,-0.11978,-1.521,-0.9791,0.91241
8,2.4733,-2.4279,0.86118,0.75138,1.0058,-1.2355,-1.9563,0.16183,-0.85249,0.13839,0.027538,1.6189,0.45562,-0.14867,-1.1298
10,0.89809,-2.5918,1.9542,0.69437,-1.586,2.4827,1.585,-0.54976,2.6589,1.2099,0.42574,1.2678,0.29924,0.78304,0.14903
8,2.4688,-0.34431,-0.2075,0.56295,0.31893,-2.2522,-1.1256,-0.36421,-1.1777,-0.82716,1.0602,0.90244,-0.36383,-1.5078,-1.1526
2,2.9842,1.0242,0.41327,-0.82647,2.2397,1.1232,-0.35312,-0.66951,-1.4224,0.94731,0.11716,-1.0842,0.97105,0.29328,-0.073847
7,-1.1804,-1.2003,-3.3182,0.090782,-3.5951,3.6153,-0.95842,0.62684,0.17314,-0.80553,0.56577,-0.081528,0.01645,0.62481,0.65255
3,-1.4624,-0.084608,-4.5167,-2.1473,-2.0702,-0.65657,0.81407,2.1277,-0.30879,0.30773,0.20474,-0.56962,1.7888,-0.6856,-0.90306
6,1.9519,0.82538,-1.5493,-0.76972,1.4419,-0.4497,2.1639,-0.10938,0.9153,-1.6484,-0.16371,0.91468,-0.3855,0.90519,0.24951
8,0.74521,-3.3009,-0.78381,2.3872,1.4623,-1.7903,-2.0588,1.8292,0.53206,-1.9103,-0.19183,-0.068134,-0.36823,0.69331,1.1243
3,-0.021231,1.6767,-3.1855,-1.28,-2.4414,-1.2851,0.93864,0.22537,-0.99252,1.5922,0.5805,0.69613,0.57626,0.99757,-0.91696
2,3.7464,1.9202,-1.2061,-0.85341,1.78,-0.054076,-0.26112,-0.80271,0.46596,-0.29218,-0.030664,-0.31697,0.19668,-1.4772,1.0791
1,-2.8401,-0.16218,1.6974,-3.0931,0.681,0.98009,-0.26919,-1.0609,-1.1406,-2.2624,1.0504,1.5989,0.77969,0.18537,0.54541
1,-6.627,1.0348,1.5165,-1.5757,2.0997,-2.9977,-0.32418,-1.7322,-1.0667,0.083378,-0.21752,-0.87037,0.865,-0.051074,1.6883
2,2.8969,0.43991,0.3448,-0.61326,1.7086,1.687,-0.46257,-0.44324,-1.4099,0.88144,-0.84511,-0.96419,-0.14725,1.773,0.01289
10,-0.27558,-3.9504,0.50255,-0.02529,-0.46347,-0.45396,0.57641,0.12395,-1.5207,1.4177,0.38571,-0.27326,1.6815,-0.69965,1.1405
7,-0.10039,-0.42705,-2.1841,-1.8247,-1.507,3.4003,-0.087351,-0.15263,-0.89215,-0.84577,0.45279,0.62017,-1.4318,0.61272,0.38807
1,-3.6159,1.0266,1.7568,-1.5561,2.9685,-4.6712,0.86641,-0.7874,-1.3351,-0.27583,-0.24158,-2.0175,0.37452,0.93545,-0.53543
7,0.22511,-2.0782,-1.6719,-2.7443,-1.2392,1.7064,0.35111,0.11283,-0.45907,-1.2965,-0.48679,0.30195,-1.5773,-0.72243,0.39116
10,1.7389,-3.3906,-0.68346,0.8747,-0.53816,1.0861,-0.38359,-0.10488,-0.12855,-0.36434,-0.089416,0.99697,1.98,0.482,-0.83964
8,-0.52451,-1.3003,1.3974,-3.2693,3.7915,-1.2121,0.0020262,-0.67605,2.3142,-0.79695,0.82897,0.63701,-0.16262,2.0676,0.63454
6,1.1573,-0.16268,-1.292,0.56454,1.3984,0.82258,0.88064,0.84942,1.2211,-0.2035,-1.5276,1.3252,-1.6788,1.3382,-1.2376
9,-0.7461,0.32233,3.2013,-0.6419,-3.1872,-0.41486,-1.807,-1.3129,0.36983,-1.8742,0.99236,-1.0045,-1.2479,-0.73122,0.39075
2,3.4097,2.1794,-0.83338,1.1255,-0.67318,1.2856,-2.6364,-0.8708,0.45493,0.96968,-0.8476,-1.2761,0.81879,-1.0117,0.54336
7,-3.3163,-0.35159,-1.8234,-3.6129,-0.21095,0.78959,-1.058,-2.3021,-0.54583,1.3564,-1.1936,0.7514,-0.9343,0.2468,0.33914
7,-1.0429,-1.0274,-2.0169,-2.8191,-0.57675,1.3634,-0.82494,-0.60852,-1.3521,-1.3969,-0.74332,1.6177,-1.2659,-0.27544,0.78618
8,0.19773,-3.5704,1.0951,1.217,1.3102,-1.8438,-2.2573,2.5811,-0.86512,-0.42688,0.55635,-1.0518,0.87219,-0.039796,1.3164
7,-0.82368,0.7016,-1.2045,2.2944,0.24369,2.2793,1.2522,-0.93871,-0.97709,1.0679,0.90544,0.14771,1.9723,0.62753,0.33104
3,-2.0264,0.14299,-2.9107,-1.5018,-1.8481,-1.3582,1.2716,2.892,0.6488,-0.87413,-1.4136,-1.3572,-0.74063,-0.88126,-2.0043
2,4.0227,1.0449,-1.0739,-0.50439,1.551,0.66977,-1.355,-0.52614,-0.22139,0.28392,-1.0685,-0.98413,0.46387,-0.94151,0.28933
1,-6.0887,0.83631,-1.821,0.72373,3.2589,0.6092,-0.23657,-1.2504,-0.1617,0.71165,-0.10657,0.59941,-0.31598,-0.47198,-0.21623
10,-0.15819,-3.933,0.54642,2.1227,0.49106,0.30883,-0.060495,0.29918,0.041575,-0.60021,-0.9662,-0.58768,0.84585,-0.48439,1.2815
7,-2.7735,-1.0375,-2.5122,-1.0542,0.25252,4.168,-0.92596,0.42366,-1.07,-0.10502,0.96462,0.95684,-0.099316,-0.8634,-0.81447
9,0.059507,-0.041721,-0.36887,2.184,0.18081,-0.99031,1.2111,0.57081,0.0059565,0.96443,-0.46411,0.18363,-1.0156,1.9864,0.47421
2,4.0422,1.4272,-0.68234,-0.33581,1.5711,0.71077,-1.2514,-0.75418,0.23379,0.58218,-0.86127,-0.96666,0.75127,-1.0254,0.41733
10,1.0277,-2.7377,1.7154,-0.8316,0.061893,0.61182,0.80942,-0.23292,-1.0195,1.9445,0.11382,1.0424,0.38868,-1.0287,-0.23411
6,-2.423,3.1751,0.27204,1.5464,0.89681,1.7063,-0.55817,1.8664,-0.55414,-0.24135,0.88176,1.4344,0.25536,0.49641,1.3732
5,-0.41451,-1.7802,-1.967,2.0935,-1.5119,-0.95786,1.1053,-2.4065,1.4501,-2.9915,-0.26413,0.27409,-1.7393,0.64999,0.51565
10,0.95756,-3.2491,-1.6383,1.6636,0.39454,0.40224,0.34151,0.040415,0.57842,-1.0991,-1.0981,-0.87093,1.7517,-0.22481,-0.52863
8,1.5219,-0.84319,-2.3557,-0.020337,0.45696,-2.3723,0.76433,-0.006607,0.72182,-1.5283,0.82396,0.38808,-1.4518,2.1293,0.67994
4,-0.67607,3.6858,3.883,1.0965,-1.3359,-0.47844,-0.46246,1.0645,0.36484,-0.43292,-0.51563,-0.80328,-0.96095,-1.5856,0.078887
5,0.80929,-1.7023,-0.71663,1.2603,-1.4163,0.67502,-0.1917,-1.0632,-0.87219,-2.8728,-0.62935,-0.23101,-2.4851,0.47957,-0.42575
10,0.23894,-4.7815,1.7554,2.0615,-1.8772,0.041559,-1.4301,-0.72311,0.93151,0.69362,-1.909,-0.24531,1.1746,-0.12147,0.86399
1,-4.4649,0.054157,2.6942,0.12398,1.9915,-2.7768,-0.57187,-1.7542,0.29048,-0.53766,1.3959,1.0145,2.2687,-1.2241,-0.80216
2,2.9857,0.77874,-0.28913,-0.29567,2.2024,1.4849,-0.33384,-0.7064,-1.335,0.76791,0.1375,-1.1495,0.74271,0.70068,-0.047729
1,-7.0925,0.37589,0.22168,3.2475,3.1209,-0.40446,-0.91986,-1.0619,2.8243,1.6826,-1.1553,0.014255,-0.80997,-0.47402,-0.03719
5,1.4403,-1.2448,0.88494,-1.8271,-0.42883,0.9491,0.85468,-0.44875,0.94764,0.57408,0.45886,-0.40153,-0.32216,-1.5416,-0.30631
8,1.8205,1.6351,-0.44878,-1.1307,-0.67165,0.36329,-2.8317,-0.066375,0.55378,1.716,-0.63064,-1.27,0.47956,-0.84254,-0.62597
2,3.5012,1.8133,-0.2499,1.3196,-0.50855,1.1093,-2.3828,-0.79975,0.96829,1.2179,-0.7777,-1.0965,1.1914,-0.94174,0.36808
8,1.8475,-1.1196,-1.7506,0.92318,0.77882,-1.3554,0.26778,-0.6379,0.33171,-1.81,1.382,1.6481,-1.1914,1.5123,-0.48971
8,1.7666,-2.7556,0.34813,2.5832,-0.26069,-1.77,-3.1912,1.551,0.9655,-1.2276,-0.74462,0.13993,-0.021562,0.99619,0.89326
2,2.713,2.3591,-1.2801,-0.073277,0.89338,-2.1493,2.1762,-0.62602,1.2115,0.44215,0.88155,0.64638,-0.46372,0.14823,1.0883
6,-1.9173,0.63368,-2.6882,0.86242,0.87049,1.6042,0.19699,1.5255,1.9574,0.55717,0.75564,0.63953,0.00090579,-1.0793,0.068623
2,3.5307,1.8699,-1.1819,-0.95751,2.2832,0.3756,-0.21919,-0.76958,-0.074296,-0.65689,0.37887,-0.83341,0.052716,-0.62982,0.97025
8,1.404,0.56859,-1.2438,3.2263,-2.2988,-3.348,-2.3544,-0.88941,0.13032,-0.96356,1.15,-0.29282,-1.1894,-0.29867,0.15839
3,-1.2321,0.45579,-0.97597,-0.81943,1.8511,-0.94299,2.178,1.9002,-2.1621,0.2351,-0.84369,-1.1419,0.095692,-0.53214,1.6544
3,-1.7655,-0.0031888,-4.0547,-0.63663,0.25059,-0.84501,0.92736,1.0445,-0.74176,1.0386,1.9923,-2.5143,0.37582,-0.97683,-0.62988
6,-3.0393,0.034187,2.8213,0.28243,1.2329,-1.1722,0.48142,-2.738,1.5729,-1.2629,0.50965,-0.10843,0.67536,-0.059216,-1.3375
5,2.8162,-0.98298,1.4269,-1.5052,0.5213,0.36887,1.49,0.071465,0.95039,0.56,-0.65715,0.47089,-1.4733,0.39457,-0.64656
5,2.3756,-0.83109,-0.09407,0.75802,-0.096186,0.63186,1.2408,-0.13209,-0.45422,-0.51298,-1.7916,0.55637,0.70176,0.17116,-1.7202
8,-1.5,-1.9445,2.5048,-1.3157,2.6334,-0.84062,-0.24791,-0.015724,4.0932,-1.4353,1.5368,1.1686,-0.42137,2.3572,1.6884
1,-5.5706,-0.66093,-2.2712,0.7979,3.4794,0.89183,-0.79416,-1.3455,1.4875,0.99989,-0.24497,0.4031,-0.39409,-0.20196,0.12053
6,-2.3626,-0.88317,1.7195,3.0091,-1.2424,0.64903,0.49488,-2.3316,2.0859,0.61104,0.13685,-0.21589,-0.68945,0.37909,0.26464
4,0.43435,1.4893,0.12212,0.4487,0.41781,-1.5064,1.7025,3.5616,-1.6464,0.36363,-1.5988,0.42502,-1.4615,-0.56475,-0.25227
2,3.3029,3.1043,-1.8163,-0.26258,0.47231,-0.79355,0.31064,-1.0164,1.5568,-0.094635,0.71744,0.30537,-0.44335,-1.3884,1.453
5,1.8351,-1.4551,-1.0587,0.37542,-0.13233,2.4965,0.78947,0.98245,0.05255,-0.4433,-0.54796,-1.4438,2.1723,0.45392,-1.0074
7,-4.3695,0.61236,-2.2602,-1.0423,-0.28623,2.8298,0.42638,-2.4168,1.6645,0.52991,-0.71338,1.0906,0.60694,0.12727,-0.9473
10,0.87634,-2.1632,2.9056,2.0207,-1.1437,1.3039,-0.57633,0.30045,-0.34068,1.2252,-0.79408,1.8326,0.18546,-0.15018,-1.0611
4,-2.4204,2.5376,-1.6971,1.3332,-1.5699,1.0209,-1.1716,3.2055,0.77771,1.5886,0.70891,0.87715,0.098801,-0.86095,-0.28939
8,1.6104,-2.1844,2.8935,-0.71913,1.0436,0.33436,-0.51314,1.9859,1.4149,1.266,1.4423,1.0414,-1.3157,1.9902,0.47102
7,-1.1494,-1.6187,-2.0456,-2.7051,-2.3089,2.3129,-0.7124,-0.24257,-1.1114,-1.1929,-0.64898,1.3197,-1.5881,-0.36646,1.2795
10,-0.46777,-3.3384,1.4904,-2.5408,-1.2742,0.40784,-0.042186,-0.1924,0.57149,1.2389,2.4672,-0.19626,-1.0229,-1.2115,0.54549
2,3.53,2.1651,-1.242,-0.20044,1.8571,0.63971,-0.83144,-1.0098,-0.17701,-0.46472,0.055932,-1.3961,0.37555,-1.149,0.90105
4,-1.3955,1.1039,-1.2047,3.0524,-1.0624,-0.46566,1.503,2.1038,0.48228,0.56085,0.090761,-0.84673,0.097369,-0.50214,1.8968
7,-2.1479,-1.242,-2.2771,-2.542,1.3757,2.4964,-1.3534,-0.96255,-1.5917,-0.056036,-0.17182,1.842,-0.72837,-0.71288,-0.53783
1,-5.5726,1.1795,-2.3999,3.7894,2.3871,0.50281,1.407,1.0098,3.0958,0.34218,-0.89444,-0.3659,0.17395,-0.47217,0.16842
3,0.62074,0.72762,-2.39,-0.75077,-0.79449,-1.1846,0.40523,1.6516,-2.5916,-0.42906,1.0893,-0.30785,0.57121,-0.43059,-0.024931
2,4.0341,1.525,-0.42668,0.056867,1.4706,0.44993,-1.397,-0.99635,0.3952,0.071142,-0.63134,-0.93184,0.92138,-1.1276,0.61674
1,-3.8784,-1.307,-0.89583,0.12326,1.949,1.3944,0.83115,0.72775,5.1003,0.77333,-2.5998,0.82761,0.18207,1.0276,0.5137
10,2.2272,-2.3122,1.893,0.37622,0.0094281,0.68529,0.079587,0.063026,-0.4705,1.0349,-1.22,1.813,-0.3943,0.43377,-0.96179
10,2.6603,-1.409,1.7096,0.62977,-0.17074,1.3184,0.34668,-0.49954,0.025108,1.5403,-0.30574,1.5643,-0.61652,0.81675,-1.1071
3,0.45374,0.85573,-0.38825,-0.621,0.77727,-1.522,-0.31434,2.458,-2.4134,-1.4136,-0.23976,-0.58383,0.25162,-0.57607,-0.51251
3,1.0897,3.7351,-0.99883,-1.6097,-1.0451,0.073558,-2.2619,0.39138,-0.39025,1.0235,-0.55737,0.79712,-0.87582,-0.81768,0.33587
9,1.7488,1.4265,1.731,-0.87452,-0.55417,0.079337,-0.46597,-1.6097,-0.46458,0.70702,-0.26199,0.11499,0.11334,-0.93553,-0.12718
8,1.7339,-1.6323,1.7807,1.5121,-1.819,-2.1937,-3.1295,1.2118,-1.1663,0.53381,-0.69635,-0.69687,0.94637,-0.64841,-0.58097
2,3.7172,1.0707,-0.40649,-0.30737,2.0008,1.2285,-1.3224,-0.33907,-0.55243,0.91517,-1.1223,-1.201,0.953,-0.16371,0.29035
8,1.6903,-3.0404,0.019072,2.8456,-0.31419,-1.4597,-3.0383,0.47789,0.85375,-1.0498,-1.0285,0.72138,0.088223,0.78655,0.77309
4,-1.5032,3.9767,-0.49937,-0.058889,-0.51762,1.5235,-0.26593,3.451,1.1281,-0.21613,-1.5145,1.6376,-1.6778,-0.22596,-0.21047
3,1.0315,3.7758,-0.56828,-2.0773,-0.65764,-0.479,-0.38415,0.016684,-0.15853,0.82117,-0.37141,1.627,0.53507,-0.085332,0.2869
7,-1.3663,-1.4169,-2.1085,-2.7302,-0.41181,2.858,-0.76066,-0.52976,-1.3496,-1.5068,0.1941,1.3781,-1.6667,-0.2815,-0.16412
6,-0.35684,0.84621,1.8907,1.9864,0.25706,1.5381,1.1856,-1.5745,-1.6651,0.93577,1.4136,0.38585,-0.47846,0.39304,-0.19856
2,3.7671,1.154,0.27235,0.42416,0.90742,1.4487,-1.8461,-0.75675,0.083628,1.7443,-1.0174,-1.4693,1.202,-0.22502,0.47299
1,-4.4077,0.6893,-0.75445,-0.059123,3.7754,-1.6675,-0.64696,-2.3994,-0.75166,2.2268,-0.39927,0.35537,-0.33752,0.012103,-0.75567
5,-1.4236,-2.3947,0.2823,-1.1038,1.1982,0.62615,2.2642,0.73524,1.3311,0.82225,-3.1661,-2.9364,-1.2049,-0.2015,1.8502
2,3.3104,3.2623,-1.5858,0.64143,0.075296,0.44317,-1.4705,-1.4184,1.3132,-0.2294,0.20938,-0.76515,0.46199,-1.1203,1.5484
2,4.024,2.0874,-0.8819,0.24401,0.64918,-0.29461,-1.6139,-1.1747,0.89944,-0.24295,-0.22065,-0.47786,0.61928,-1.8927,0.78103
7,-2.1754,-2.2352,-1.159,-1.9327,-0.61477,2.4315,-0.020641,1.6192,-0.90091,-1.747,0.12983,0.6323,-1.7408,0.44741,1.0471